City_ID,City,Country,Lat,Lng,Max Temp,Humidity,Cloudiness,Wind Speed,Current Description
0,Mount Gambier,AU,-37.8333,140.7667,18.95,55,75,9.77,broken clouds
1,Albany,US,42.6001,-73.9662,-7.46,67,9,0.96,clear sky
2,Barrow,US,71.2906,-156.7887,-25.99,76,0,3.6,clear sky
3,Ushuaia,AR,-54.8,-68.3,5.81,81,75,10.29,broken clouds
4,Arman,RU,59.7,150.1667,-14.39,77,100,6.39,overcast clouds
5,San Quintin,MX,30.4833,-115.95,15.45,68,100,5.32,overcast clouds
6,Hobart,AU,-42.8794,147.3294,28.92,44,40,1.79,scattered clouds
7,Sao Miguel Do Iguacu,BR,-25.3481,-54.2378,27.56,63,21,1.42,few clouds
8,Mataura,NZ,-46.1927,168.8643,24.15,49,100,0.83,overcast clouds
9,Rikitea,PF,-23.1203,-134.9692,25.64,67,99,2.38,overcast clouds
10,Dikson,RU,73.5069,80.5464,-18.74,89,100,8.42,overcast clouds
11,Bluff,NZ,-46.6,168.3333,24.33,78,100,2.69,overcast clouds
12,New Norfolk,AU,-42.7826,147.0587,28.72,39,27,1.79,scattered clouds
13,Souillac,MU,-20.5167,57.5167,26.31,78,75,8.23,broken clouds
14,Nyagan,RU,62.1406,65.3936,-21.74,99,100,0.6,overcast clouds
15,Suzhou,CN,31.3114,120.6181,5.93,40,100,3.25,light rain
16,Tuktoyaktuk,CA,69.4541,-133.0374,-27.0,76,40,0.0,scattered clouds
17,Tiksi,RU,71.6872,128.8694,-23.87,100,100,2.71,overcast clouds
18,Chokurdakh,RU,70.6333,147.9167,-25.57,95,100,0.78,overcast clouds
19,Samarai,PG,-10.6167,150.6667,30.07,66,100,5.62,overcast clouds
20,Longyearbyen,SJ,78.2186,15.6401,-10.09,67,40,3.09,scattered clouds
21,Yellowknife,CA,62.456,-114.3525,-23.66,88,20,3.09,few clouds
22,Vila Velha,BR,-20.3297,-40.2925,23.97,88,100,3.09,overcast clouds
23,Klaksvik,FO,62.2266,-6.589,7.51,81,100,18.03,overcast clouds
24,Norman Wells,CA,65.282,-126.8329,-15.98,78,75,5.14,broken clouds
25,Upernavik,GL,72.7868,-56.1549,-27.09,97,100,3.38,overcast clouds
26,Mar Del Plata,AR,-38.0023,-57.5575,17.71,62,0,0.45,clear sky
27,Qaanaaq,GL,77.484,-69.3632,-29.89,52,0,5.45,clear sky
28,Oranjemund,NA,-28.55,16.4333,19.18,86,0,3.56,clear sky
29,Kaeo,NZ,-35.1,173.7833,22.4,84,99,6.39,overcast clouds
30,Kapaa,US,22.0752,-159.319,25.99,70,0,0.45,clear sky
31,Daru,PG,-9.0763,143.2092,25.34,88,100,4.05,overcast clouds
32,Vangaindrano,MG,-23.35,47.6,23.27,84,75,0.81,broken clouds
33,Cidreira,BR,-30.1811,-50.2056,22.85,87,3,0.96,clear sky
34,Kruisfontein,ZA,-34.0033,24.7314,21.6,96,99,1.53,overcast clouds
35,Kuandian,CN,40.7286,124.7847,-6.62,68,16,2.91,few clouds
36,Mokhsogollokh,RU,61.4681,128.9203,-25.25,94,100,3.05,overcast clouds
37,Hilo,US,19.7297,-155.09,25.14,71,38,2.68,scattered clouds
38,Vila Franca Do Campo,PT,37.7167,-25.4333,14.55,79,31,6.2,scattered clouds
39,Punta Arenas,CL,-53.15,-70.9167,8.06,76,75,5.66,light rain
40,Arraial Do Cabo,BR,-22.9661,-42.0278,23.98,94,75,1.54,broken clouds
41,Spearfish,US,44.4908,-103.8594,3.38,54,100,4.47,overcast clouds
42,Wanning,CN,18.8003,110.3967,21.48,91,91,1.58,overcast clouds
43,Pevek,RU,69.7008,170.3133,-27.35,97,67,0.44,broken clouds
44,Hermanus,ZA,-34.4187,19.2345,23.28,89,2,3.9,clear sky
45,East London,ZA,-33.0153,27.9116,25.09,72,100,1.02,overcast clouds
46,Bredasdorp,ZA,-34.5322,20.0403,22.93,88,16,5.14,few clouds
47,Cherskiy,RU,68.75,161.3,-21.67,88,100,1.43,overcast clouds
48,Port Alfred,ZA,-33.5906,26.891,23.73,96,100,1.78,overcast clouds
49,Port Elizabeth,ZA,-33.918,25.5701,22.83,94,100,2.57,fog
50,Ahmadpur Sial,PK,30.6754,71.7483,10.93,52,0,3.0,clear sky
51,Smithers,CA,54.7804,-127.1743,-1.82,80,75,1.03,light shower snow
52,Lagoa,PT,39.05,-27.9833,14.86,76,13,10.22,few clouds
53,Likasi,CD,-10.9814,26.7333,16.17,97,84,1.02,broken clouds
54,Vaini,TO,-21.2,-175.2,30.09,79,40,4.12,scattered clouds
55,Atmakur,IN,15.8833,78.5833,18.75,80,8,1.18,clear sky
56,Amapa,BR,1.0,-52.0,21.9,99,100,0.94,overcast clouds
57,China,MX,25.7,-99.2333,21.59,56,0,2.18,clear sky
58,Cape Town,ZA,-33.9258,18.4232,23.4,80,0,0.51,clear sky
59,Nyurba,RU,63.2842,118.3319,-35.45,100,98,0.96,overcast clouds
60,Khatanga,RU,71.9667,102.5,-33.91,100,21,1.41,few clouds
61,Busselton,AU,-33.65,115.3333,18.36,46,0,7.85,clear sky
62,Halifax,CA,44.6453,-63.5724,-5.97,77,9,1.54,clear sky
63,Baruun-Urt,MN,46.6806,113.2792,-23.06,94,22,2.5,few clouds
64,Mahebourg,MU,-20.4081,57.7,26.25,78,75,8.23,broken clouds
65,Iraquara,BR,-12.2486,-41.6194,20.11,91,4,0.82,clear sky
66,Saskylakh,RU,71.9167,114.0833,-33.79,100,64,0.92,broken clouds
67,Jambi,ID,-1.6,103.6167,24.96,91,98,0.65,overcast clouds
68,Kodiak,US,57.79,-152.4072,-1.27,80,100,3.09,light snow
69,Balsas,BR,-7.5325,-46.0356,25.3,71,50,1.35,scattered clouds
70,San Policarpo,PH,12.1791,125.5072,26.91,82,18,4.92,few clouds
71,Sistranda,NO,63.7256,8.834,1.61,74,100,8.13,light snow
72,Luis Correia,BR,-2.8792,-41.6669,29.0,79,20,5.14,few clouds
73,Prince Rupert,CA,54.3161,-130.3201,3.05,87,100,1.03,overcast clouds
74,Bereda,ES,43.2686,-7.5406,8.84,99,16,2.89,few clouds
75,Faanui,PF,-16.4833,-151.75,27.31,72,5,8.71,clear sky
76,Nouadhibou,MR,20.931,-17.0347,19.99,73,100,3.09,overcast clouds
77,Hasaki,JP,35.7333,140.8333,6.27,37,100,0.83,overcast clouds
78,Touros,BR,-5.1989,-35.4608,26.5,74,33,5.13,scattered clouds
79,Jamestown,US,42.097,-79.2353,-2.2,50,0,2.06,clear sky
80,Raymondville,US,26.4815,-97.7831,23.66,60,0,2.19,clear sky
81,Bulungu,CD,-4.55,18.6,21.41,90,84,0.34,light rain
82,Yako,BF,12.9667,-2.2667,20.48,16,46,4.08,scattered clouds
83,Thompson,CA,55.7435,-97.8558,-16.91,78,100,3.09,overcast clouds
84,Dzhubga,RU,44.3211,38.7039,5.98,76,47,5.54,scattered clouds
85,Hoopstad,ZA,-27.8327,25.9083,18.16,88,100,2.21,overcast clouds
86,Avarua,CK,-21.2078,-159.775,24.03,94,40,3.09,scattered clouds
87,Harper,LR,4.375,-7.7169,25.95,84,90,2.03,overcast clouds
88,Hamilton,US,39.1834,-84.5333,1.72,70,0,0.0,clear sky
89,Hithadhoo,MV,-0.6,73.0833,27.97,73,22,4.94,few clouds
90,Cabedelo,BR,-6.9811,-34.8339,26.37,77,25,4.34,scattered clouds
91,Kaitangata,NZ,-46.2817,169.8464,21.63,74,100,3.2,overcast clouds
92,Valparaiso,CL,-33.0393,-71.6273,19.71,71,20,3.6,few clouds
93,Bend,US,44.0582,-121.3153,3.92,51,0,1.34,clear sky
94,Chor,PK,25.5167,69.7667,19.23,49,0,2.87,clear sky
95,Naze,JP,28.3667,129.4833,12.51,56,21,2.58,few clouds
96,Georgetown,MY,5.4112,100.3354,26.61,87,20,0.89,few clouds
97,Taber,CA,49.8167,-112.1518,-10.07,67,100,8.75,overcast clouds
98,Abeche,TD,13.8292,20.8324,14.44,21,0,4.84,clear sky
99,Linxia,CN,35.6003,103.2064,-9.19,82,100,1.07,overcast clouds
100,Coari,BR,-4.085,-63.1414,23.34,97,100,1.33,overcast clouds
101,Geraldton,AU,-28.7667,114.6,23.4,53,6,10.29,clear sky
102,Opelousas,US,30.5335,-92.0815,17.94,59,40,4.63,scattered clouds
103,Onega,RU,63.9061,38.1404,-11.83,94,100,3.11,overcast clouds
104,Barnstaple,GB,51.0802,-4.0581,9.56,86,100,8.85,overcast clouds
105,Sinnamary,GF,5.3833,-52.95,24.78,87,100,4.31,overcast clouds
106,Karratha,AU,-20.7377,116.8463,31.77,58,100,0.98,overcast clouds
107,Dallas,US,32.7668,-96.7836,17.12,75,75,0.89,broken clouds
108,Katsuura,JP,35.1333,140.3,8.99,43,94,2.42,overcast clouds
109,Santa Cruz,BO,-17.8,-63.1667,21.7,94,75,5.14,broken clouds
110,Constitucion,CL,-35.3333,-72.4167,14.57,76,0,4.14,clear sky
111,Tuatapere,NZ,-46.1333,167.6833,24.34,44,100,0.18,overcast clouds
112,Mount Isa,AU,-20.7333,139.5,29.87,66,40,4.12,scattered clouds
113,Hambantota,LK,6.1241,81.1185,23.19,100,20,2.06,few clouds
114,Catamarca,AR,-28.4696,-65.7852,24.25,52,22,5.14,few clouds
115,Kazerun,IR,29.6195,51.6541,13.18,65,100,1.45,overcast clouds
116,Paracuru,BR,-3.41,-39.0306,28.01,77,57,4.49,broken clouds
117,Morros,BR,-9.4467,-46.3003,25.28,67,100,1.02,overcast clouds
118,Dudinka,RU,69.4058,86.1778,-14.1,94,96,4.37,overcast clouds
119,Deputatskiy,RU,69.3,139.9,-31.44,100,100,1.5,overcast clouds
120,Kaura Namoda,NG,12.5898,6.5779,15.67,14,93,5.94,overcast clouds
121,Nikolskoye,RU,59.7035,30.7861,-4.06,96,100,2.24,snow
122,Bafra,TR,41.5678,35.9069,1.88,82,10,2.73,clear sky
123,Hualmay,PE,-11.0964,-77.6139,21.64,82,18,3.69,few clouds
124,Los Llanos De Aridane,ES,28.6585,-17.9182,13.86,52,0,4.02,clear sky
125,Alta Floresta,BR,-9.8756,-56.0861,21.56,97,100,0.96,overcast clouds
126,Luau,AO,-10.7073,22.2247,17.5,99,100,2.34,light rain
127,Trairi,BR,-3.2778,-39.2689,25.63,78,29,3.94,scattered clouds
128,Sao Filipe,CV,14.8961,-24.4956,24.2,65,100,4.69,overcast clouds
129,Port Lincoln,AU,-34.7333,135.8667,18.63,56,26,9.23,scattered clouds
130,Itarema,BR,-2.9248,-39.9167,26.01,77,24,5.01,few clouds
131,Tenenkou,ML,14.4572,-4.9169,22.48,17,13,4.62,few clouds
132,Koumac,NC,-20.5667,164.2833,29.26,63,100,4.05,overcast clouds
133,Cayenne,GF,4.9333,-52.3333,27.27,84,75,2.24,broken clouds
134,North Platte,US,41.1239,-100.7654,10.55,29,0,1.34,clear sky
135,Meulaboh,ID,4.1363,96.1285,25.22,85,8,1.71,clear sky
136,Hargeysa,SO,9.56,44.065,12.63,68,5,3.74,clear sky
137,Puerto Madryn,AR,-42.7692,-65.0385,20.4,35,0,8.33,clear sky
138,Alice Springs,AU,-23.7,133.8833,26.75,78,100,8.75,overcast clouds
139,Itoman,JP,26.1247,127.6694,17.43,61,75,3.6,broken clouds
140,Butaritari,KI,3.0707,172.7902,27.56,78,100,5.72,light rain
141,Richards Bay,ZA,-28.783,32.0377,23.24,82,16,4.31,few clouds
142,Gamba,GA,-2.65,10.0,24.95,88,100,1.73,overcast clouds
143,Saint-Pierre,RE,-21.3393,55.4781,24.82,73,0,4.12,clear sky
144,Nioki,CD,-2.7167,17.6833,23.97,68,100,1.0,overcast clouds
145,Barentu,ER,15.1139,37.5928,17.25,62,2,1.31,clear sky
146,Yairipok,IN,24.6667,94.0667,6.26,89,23,0.12,few clouds
147,Brumunddal,NO,60.881,10.9395,-8.49,91,100,0.44,overcast clouds
148,Shemgang,BT,27.2169,90.6579,0.48,90,99,1.44,light snow
149,Severo-Kurilsk,RU,50.6789,156.125,-1.53,73,100,10.15,light snow
150,Ngaoundere,CM,7.3167,13.5833,14.48,22,25,2.02,scattered clouds
151,Santa Isabel Do Rio Negro,BR,-0.4139,-65.0192,24.53,79,100,1.39,overcast clouds
152,Carnarvon,AU,-24.8667,113.6333,28.04,65,3,7.2,clear sky
153,Kaspiysk,RU,42.8816,47.6392,0.1,86,100,4.0,overcast clouds
154,Mazatlan,MX,23.2167,-106.4167,24.98,72,0,1.34,clear sky
155,Sitka,US,57.0531,-135.33,1.94,80,75,0.0,broken clouds
156,Torbay,CA,47.6666,-52.7314,-0.14,74,100,5.14,overcast clouds
157,Port Blair,IN,11.6667,92.75,20.02,94,20,0.0,mist
158,Mahina,PF,-17.5065,-149.489,29.87,58,20,2.57,few clouds
159,Bandarbeyla,SO,9.4942,50.8122,24.81,77,100,6.55,overcast clouds
160,Oxford,GB,51.7522,-1.256,7.35,86,100,0.45,overcast clouds
161,Bonfim,BR,3.0833,-59.95,27.96,54,38,3.29,scattered clouds
162,Pangody,RU,65.85,74.4859,-25.62,100,95,2.67,overcast clouds
163,Dubuque,US,42.4833,-90.8668,0.51,62,20,8.75,few clouds
164,San Cristobal,VE,7.7669,-72.225,23.1,83,95,1.15,overcast clouds
165,Dingle,PH,10.9995,122.6711,26.53,81,100,5.16,overcast clouds
166,Cheremshanka,RU,56.1192,60.268,-10.16,98,100,1.39,overcast clouds
167,Vestmannaeyjar,IS,63.4427,-20.2734,5.35,83,41,15.05,scattered clouds
168,Rulenge,TZ,-2.7175,30.6325,15.3,97,100,0.86,overcast clouds
169,Ilulissat,GL,69.2167,-51.1,-12.99,72,75,5.66,broken clouds
170,Talnakh,RU,69.4865,88.3972,-14.33,96,98,4.06,overcast clouds
171,Honiara,SB,-9.4333,159.95,29.7,75,57,1.88,broken clouds
172,Almas,RO,46.2833,22.2333,-1.81,97,100,0.96,overcast clouds
173,Abha,SA,18.2164,42.5053,11.9,82,0,3.09,clear sky
174,Skjervoy,NO,70.0311,20.9714,-0.56,61,100,4.37,light snow
175,Lasa,IT,46.6166,10.7002,1.5,94,100,3.33,light snow
176,Ewa Beach,US,21.3156,-158.0072,26.97,59,0,7.15,clear sky
177,Bagdarin,RU,54.4333,113.6,-27.35,96,16,1.65,few clouds
178,Lompoc,US,34.6391,-120.4579,16.43,75,0,4.12,clear sky
179,Anaconda,US,46.1285,-112.9423,-2.45,82,86,4.21,overcast clouds
180,Taoudenni,ML,22.6783,-3.9836,19.18,8,0,5.2,clear sky
181,Leningradskiy,RU,69.3833,178.4167,-27.17,95,73,4.18,broken clouds
182,Elizabeth City,US,36.2946,-76.2511,5.55,83,0,4.63,clear sky
183,Ouadda,CF,8.0777,22.4007,17.76,22,37,2.1,scattered clouds
184,Wajir,KE,1.7471,40.0573,23.88,73,100,6.67,overcast clouds
185,Iqaluit,CA,63.7506,-68.5145,-34.06,66,20,0.89,few clouds
186,Brookhaven,US,31.5791,-90.4407,13.81,76,83,2.64,broken clouds
187,Kaiserslautern,DE,49.45,7.75,4.66,61,75,1.34,broken clouds
188,Guerrero Negro,MX,27.9769,-114.0611,17.5,56,9,4.65,clear sky
189,Homer,US,59.6425,-151.5483,-1.79,69,0,3.6,clear sky
190,Lashio,MM,22.9333,97.75,8.46,76,0,0.32,clear sky
191,Lavrentiya,RU,65.5833,-171.0,-18.59,83,10,5.34,clear sky
192,Jumla,NP,29.2747,82.1838,-0.88,62,6,1.33,clear sky
193,Sidhi,IN,24.4167,81.8833,12.53,56,0,1.72,clear sky
194,Salalah,OM,17.0151,54.0924,20.05,73,0,2.06,clear sky
195,Atuona,PF,-9.8,-139.0333,25.82,77,12,8.17,few clouds
196,Oistins,BB,13.0667,-59.5333,26.05,78,40,4.12,scattered clouds
197,Kenitra,MA,34.261,-6.5802,15.4,68,0,1.04,clear sky
198,Camargo,MX,27.6667,-105.1667,16.2,19,0,3.98,clear sky
199,Port Hardy,CA,50.6996,-127.4199,7.09,81,75,4.63,light intensity shower rain
200,Port Hedland,AU,-20.3167,118.5667,30.03,79,100,0.51,overcast clouds
201,Kununurra,AU,-15.7667,128.7333,29.99,70,75,6.17,broken clouds
202,Sur,OM,22.5667,59.5289,22.2,57,0,1.73,clear sky
203,Hami,CN,42.8,93.45,-7.05,40,8,0.68,clear sky
204,Dodge City,US,37.7528,-100.0171,15.12,33,0,3.09,clear sky
205,Bambous Virieux,MU,-20.3428,57.7575,26.23,78,75,8.23,broken clouds
206,Sorland,NO,67.667,12.6934,1.08,56,100,5.6,overcast clouds
207,Chuy,UY,-33.6971,-53.4616,16.72,65,1,3.69,clear sky
208,Narsaq,GL,60.9167,-46.05,-2.88,89,100,2.59,light snow
209,Sangin,AF,32.0728,64.8359,7.19,49,0,3.81,clear sky
210,Petropavlovsk-Kamchatskiy,RU,53.0452,158.6483,-2.9,80,100,6.0,light shower snow
211,Esperance,AU,-33.8667,121.9,17.91,55,60,7.48,broken clouds
212,Kavaratti,IN,10.5669,72.642,26.91,72,5,4.44,clear sky
213,Porto San Giorgio,IT,43.1827,13.7934,7.64,83,95,4.98,overcast clouds
214,Ancud,CL,-41.8697,-73.8203,15.74,82,58,3.3,broken clouds
215,Puerto Ayora,EC,-0.7393,-90.3518,23.64,94,84,2.45,broken clouds
216,Jatiroto,ID,-7.8833,111.1167,25.99,82,100,1.15,overcast clouds
217,Kolda,SN,12.8833,-14.95,24.17,43,0,1.03,clear sky
218,Tasiilaq,GL,65.6145,-37.6368,-12.91,95,93,3.01,overcast clouds
219,Dunedin,NZ,-45.8742,170.5036,18.78,82,100,6.26,overcast clouds
220,Brest,BY,52.1,23.7,-2.54,82,82,4.42,broken clouds
221,Necochea,AR,-38.5473,-58.7368,13.91,54,23,4.35,few clouds
222,Sabang,ID,5.8933,95.3214,27.55,74,100,4.92,overcast clouds
223,Liku,ID,-0.7275,119.8922,28.42,66,66,0.98,broken clouds
224,Saint-Philippe,RE,-21.3585,55.7679,24.77,79,100,6.66,overcast clouds
225,Palana,RU,59.1167,159.9667,-9.05,82,100,6.94,overcast clouds
226,Talcahuano,CL,-36.7167,-73.1167,14.94,72,0,4.97,clear sky
227,Rio Gallegos,AR,-51.6226,-69.2181,11.03,58,20,15.43,few clouds
228,San Patricio,US,28.017,-97.5169,20.23,97,100,4.81,overcast clouds
229,Vardo,NO,70.3705,31.1107,-14.89,80,28,3.72,scattered clouds
230,Tambo,PE,-14.8,-73.9167,1.9,95,100,2.69,overcast clouds
231,Kristiinankaupunki,FI,62.2743,21.376,-12.9,96,44,3.21,scattered clouds
232,Henties Bay,NA,-22.116,14.2845,21.03,78,100,3.31,overcast clouds
233,Praia Da Vitoria,PT,38.7333,-27.0667,15.42,88,40,8.18,scattered clouds
234,Ponta Do Sol,PT,32.6667,-17.1,18.89,84,24,5.81,few clouds
235,Phetchaburi,TH,12.9667,99.5833,23.06,70,60,0.99,broken clouds
236,Bardiyah,LY,31.7561,25.0865,12.15,74,23,5.81,few clouds
237,Port Moresby,PG,-9.4431,147.1797,29.68,70,75,7.72,haze
238,Kirakira,SB,-10.4544,161.9205,29.4,72,82,2.49,broken clouds
239,Bethel,US,41.3712,-73.414,-4.73,61,0,0.0,clear sky
240,Salinopolis,BR,-0.6136,-47.3561,25.03,86,100,6.02,overcast clouds
241,Saldanha,ZA,-33.0117,17.9442,19.03,84,8,3.6,clear sky
242,Solnechnyy,RU,50.7214,136.6319,-16.43,93,98,0.97,overcast clouds
243,Yumen,CN,40.2833,97.2,-9.91,31,53,2.45,broken clouds
244,Ribeira Grande,PT,38.5167,-28.7,15.52,74,16,6.15,few clouds
245,Portland,US,45.5234,-122.6762,8.47,83,100,0.89,overcast clouds
246,Bilibino,RU,68.0546,166.4372,-13.68,69,100,2.3,overcast clouds
247,Darhan,MN,49.4867,105.9228,-26.32,97,64,1.73,broken clouds
248,Lampa,CL,-33.2833,-70.9,22.26,46,0,6.69,clear sky
249,Churapcha,RU,62.0025,132.4325,-28.11,95,100,2.7,overcast clouds
250,Brewster,US,41.3973,-73.6171,-4.59,64,0,0.0,clear sky
251,Gorom-Gorom,BF,14.4439,-0.2361,19.55,16,21,4.45,few clouds
252,Tautira,PF,-17.7333,-149.15,30.01,78,24,8.62,light rain
253,Baykit,RU,61.67,96.37,-20.6,100,100,0.36,overcast clouds
254,Xichang,CN,27.8964,102.2634,4.25,97,100,1.66,overcast clouds
255,Hope,US,33.6671,-93.5916,18.03,65,100,2.24,overcast clouds
256,Aleksandrovskoye,RU,44.7142,43.0008,0.08,93,100,2.14,light snow
257,Clyde River,CA,70.4692,-68.5914,-34.87,68,100,3.6,overcast clouds
258,Hit,IQ,33.6416,42.8251,8.9,77,100,3.27,overcast clouds
259,Kurilsk,RU,45.2333,147.8833,-5.11,81,100,10.97,light snow
260,Yarada,IN,17.65,83.2667,18.18,100,20,1.03,mist
261,Ponta Delgada,PT,37.7333,-25.6667,14.72,72,40,3.6,scattered clouds
262,Broome,US,42.2506,-75.833,-7.77,73,8,0.89,clear sky
263,Meadow Lake,US,34.8014,-106.5436,12.69,20,26,0.48,scattered clouds
264,Ibirataia,BR,-14.0669,-39.6406,21.87,99,39,0.7,scattered clouds
265,Waipawa,NZ,-41.4122,175.5153,23.35,53,100,3.63,overcast clouds
266,Margate,GB,51.3813,1.3862,5.97,83,86,0.89,overcast clouds
267,Brae,GB,60.3964,-1.353,5.95,95,100,12.23,overcast clouds
268,Port Augusta,AU,-32.5,137.7667,24.28,62,100,9.11,overcast clouds
269,Zemio,CF,5.0314,25.1361,20.91,30,17,0.92,few clouds
270,Kampene,CD,-3.6,26.6667,18.62,97,100,1.02,overcast clouds
271,Thinadhoo,MV,0.5333,72.9333,28.11,69,42,4.92,scattered clouds
272,Araouane,ML,18.9048,-3.5265,19.96,9,0,5.43,clear sky
273,Jasper,US,37.2001,-94.3502,14.03,30,0,5.14,clear sky
274,Bose,IT,45.4612,8.0137,6.71,40,0,2.52,clear sky
275,Bam,IR,29.106,58.357,10.19,36,0,1.72,clear sky
276,Victoria,HK,22.2855,114.1577,15.53,91,100,0.45,overcast clouds
277,Boddam,GB,57.4667,-1.7833,9.75,87,100,8.54,overcast clouds
278,Tanout,NE,14.9709,8.8879,11.1,19,5,5.95,clear sky
279,Mindelo,CV,16.8901,-24.9804,20.75,73,0,8.23,clear sky
280,Hailar,CN,49.2,119.7,-28.17,97,28,2.35,scattered clouds
281,Airai,TL,-8.9266,125.4092,21.18,63,52,2.77,broken clouds
282,Palmares Do Sul,BR,-30.2578,-50.5097,21.82,89,0,1.85,clear sky
283,Olinda,BR,-8.0089,-34.8553,26.85,78,40,2.06,scattered clouds
284,Banikoara,BJ,11.2985,2.4386,21.75,13,86,3.42,overcast clouds
285,Ostrovnoy,RU,68.0531,39.5131,-12.2,96,100,2.47,overcast clouds
286,Ambatolampy,MG,-19.3833,47.4167,16.87,85,99,2.13,overcast clouds
287,Sao Gabriel Da Cachoeira,BR,-0.1303,-67.0892,25.57,75,100,0.38,overcast clouds
288,Santa Barbara,US,34.7333,-120.0343,12.66,66,0,1.54,clear sky
289,Mayo,US,38.8876,-76.5119,0.48,64,0,3.58,clear sky
290,Wonthaggi,AU,-38.6044,145.5913,23.02,74,47,8.13,scattered clouds
291,Turukhansk,RU,65.8167,87.9833,-12.55,94,100,5.19,light snow
292,Lafiagi,NG,8.8667,5.4167,22.28,13,100,1.65,overcast clouds
293,Parkes,AU,-33.1333,148.1833,25.48,63,99,3.22,overcast clouds
294,Abdanan,IR,32.9926,47.4198,5.77,79,100,1.02,overcast clouds
295,Oskemen,KZ,49.9565,82.6119,-20.04,76,20,1.0,mist
296,Iralaya,HN,15.0,-83.2333,26.05,71,97,4.12,overcast clouds
297,Faro,PT,37.0194,-7.9322,12.88,50,0,1.54,clear sky
298,Veshenskaya,RU,49.6303,41.7334,-0.48,88,99,7.41,overcast clouds
299,Cockburn Town,TC,21.4612,-71.1419,23.4,71,100,9.98,overcast clouds
300,Honningsvag,NO,70.9821,25.9704,-1.84,75,100,5.21,overcast clouds
301,Srednekolymsk,RU,67.45,153.6833,-25.0,90,100,1.63,overcast clouds
302,Boa Vista,BR,2.8197,-60.6733,29.99,51,0,4.63,clear sky
303,Dangriga,BZ,16.9692,-88.2321,22.98,80,100,5.62,overcast clouds
304,Inongo,CD,-1.95,18.2667,23.51,66,34,0.91,scattered clouds
305,Havelock,US,34.8791,-76.9013,6.99,67,3,0.45,clear sky
306,Rocha,UY,-34.4833,-54.3333,15.12,64,0,2.29,clear sky
307,Nome,US,64.5011,-165.4064,-6.96,42,0,5.66,clear sky
308,La Ronge,CA,55.1001,-105.2842,-15.86,72,100,7.72,overcast clouds
309,George,ZA,-33.963,22.4617,18.75,100,75,1.03,broken clouds
310,Magog,CA,45.2668,-72.1491,-9.1,73,93,0.51,overcast clouds
311,Shetpe,KZ,44.1667,52.1167,0.95,91,100,2.28,overcast clouds
312,Abu Samrah,SY,35.3029,37.1841,5.06,87,2,0.89,clear sky
313,Flinders,AU,-34.5833,150.8552,32.81,69,6,1.79,clear sky
314,Andenes,NO,69.3143,16.1194,-3.01,80,100,5.66,overcast clouds
315,Manakara,MG,-22.1333,48.0167,23.18,88,58,1.34,light rain
316,Castro,BR,-24.7911,-50.0119,17.22,92,0,1.62,clear sky
317,Galle,LK,6.0367,80.217,23.41,89,44,2.46,scattered clouds
318,Ciudad Guayana,VE,8.3533,-62.6528,26.4,80,99,3.16,overcast clouds
319,Jinchang,CN,38.4953,102.1739,-7.82,35,100,0.7,overcast clouds
320,Moerai,PF,-22.4333,-151.3333,26.85,75,95,7.89,overcast clouds
321,Peleduy,RU,59.6289,112.7406,-19.51,99,99,1.49,overcast clouds
322,Tilichiki,RU,60.4667,166.1,-13.14,87,100,3.63,overcast clouds
323,Kashi,CN,39.4547,75.9797,-2.63,39,20,4.0,few clouds
324,Sajanan,TN,37.0573,9.2426,13.15,75,87,14.28,overcast clouds
325,San Rafael,AR,-34.6177,-68.3301,24.97,26,1,2.67,clear sky
326,Doha,QA,25.2867,51.5333,16.99,94,0,1.03,clear sky
327,Bathsheba,BB,13.2167,-59.5167,26.34,78,40,4.12,scattered clouds
328,Buala,SB,-8.145,159.5921,29.55,65,100,1.64,overcast clouds
329,Manokwari,ID,-0.8667,134.0833,26.92,68,100,4.75,overcast clouds
330,Teahupoo,PF,-17.8333,-149.2667,26.98,78,26,8.96,light rain
331,Coquimbo,CL,-29.9533,-71.3436,17.86,80,54,1.61,broken clouds
332,Fortuna,US,40.5982,-124.1573,11.38,74,40,3.13,scattered clouds
333,Kondinskoye,RU,59.6481,67.41,-24.81,100,80,1.63,broken clouds
334,Yar-Sale,RU,66.8333,70.8333,-27.06,100,40,2.59,scattered clouds
335,Urubamba,PE,-13.3047,-72.1158,15.5,90,100,2.61,overcast clouds
336,Becsehely,HU,46.4476,16.7771,-0.36,91,36,0.99,scattered clouds
337,Ambulu,ID,-8.345,113.6058,27.46,77,100,1.02,overcast clouds
338,Brownwood,US,31.7093,-98.9912,16.97,67,0,3.6,clear sky
339,Seymchan,RU,62.8833,152.4333,-22.32,95,100,3.96,light snow
340,Mayskiy,RU,47.6931,40.1025,0.67,90,19,5.28,few clouds
341,Camacha,PT,33.0833,-16.3333,16.96,82,20,10.29,few clouds
342,Pakxe,LA,15.1167,105.7833,21.08,88,40,1.03,mist
343,Lorengau,PG,-2.0226,147.2712,25.45,90,100,6.03,overcast clouds
344,Bambanglipuro,ID,-7.95,110.2833,17.56,79,79,1.61,broken clouds
345,Luderitz,NA,-26.6481,15.1594,18.41,89,19,2.56,few clouds
346,Ahipara,NZ,-35.1667,173.1667,22.28,76,99,7.07,overcast clouds
347,Fort Nelson,CA,58.8053,-122.7002,-20.23,77,75,2.57,light snow
348,Namibe,AO,-15.1961,12.1522,21.76,73,99,3.69,overcast clouds
349,Saint-Georges,GD,12.0564,-61.7485,25.82,83,20,6.69,few clouds
350,Inuvik,CA,68.3499,-133.7218,-16.98,84,75,4.12,light snow
351,Gorgan,IR,36.8387,54.4348,1.98,87,0,0.0,clear sky
352,Igrim,RU,63.1906,64.4162,-28.06,100,93,0.69,overcast clouds
353,Dukhovnitskoye,RU,52.4828,48.2137,0.17,95,100,8.63,snow
354,Bandar-E Lengeh,IR,26.5579,54.8807,18.06,72,0,2.06,haze
355,Yingcheng,CN,30.95,113.55,4.03,53,74,3.83,broken clouds
356,Vitim,RU,59.4511,112.5578,-19.11,99,100,1.78,overcast clouds
357,Villanueva De La Serena,ES,38.9766,-5.7974,8.24,69,0,1.32,clear sky
358,Lucapa,AO,-8.4192,20.7447,18.56,98,100,1.33,overcast clouds
359,Erenhot,CN,43.6475,111.9767,-17.85,81,4,3.28,clear sky
360,Qaqortoq,GL,60.7167,-46.0333,-2.72,77,100,8.51,overcast clouds
361,Narimanov,RU,46.6927,47.8498,-3.05,95,84,1.55,broken clouds
362,Puerto Narino,CO,-3.7703,-70.3831,27.97,79,89,1.11,overcast clouds
363,Villarrica,PY,-25.75,-56.4333,25.59,31,3,1.37,clear sky
364,Muros,ES,42.7762,-9.0603,10.61,74,0,5.85,clear sky
365,Diu,IN,20.7141,70.9822,18.22,73,0,3.26,clear sky
366,Sayyan,YE,15.1718,44.3244,10.85,51,9,1.03,clear sky
367,Ipixuna,BR,-1.7625,-48.8043,24.97,92,83,1.47,broken clouds
368,Cabo San Lucas,MX,22.8909,-109.9124,23.62,62,0,1.34,clear sky
369,Haines Junction,CA,60.7522,-137.5108,-27.03,69,7,0.51,clear sky
370,Pasni,PK,25.2631,63.471,22.3,41,0,5.8,clear sky
371,Tazovskiy,RU,67.4667,78.7,-17.6,98,100,2.25,overcast clouds
372,Batagay,RU,67.6333,134.6333,-34.81,100,95,0.56,overcast clouds
373,Dalbandin,PK,28.8947,64.4101,10.41,45,0,3.67,clear sky
374,Arroio Dos Ratos,BR,-30.0772,-51.7292,25.79,79,0,3.53,clear sky
375,Nantucket,US,41.2835,-70.0995,-2.7,67,0,2.57,clear sky
376,Yakeshi,CN,49.2833,120.7333,-29.0,100,100,1.59,overcast clouds
377,Chabahar,IR,25.2919,60.643,21.72,71,0,1.62,clear sky
378,Shenjiamen,CN,29.9576,122.298,6.74,65,100,5.04,light rain
379,Itaperucu,BR,-25.22,-49.3478,21.67,98,18,0.46,few clouds
380,Banda Aceh,ID,5.5577,95.3222,25.63,82,100,3.46,overcast clouds
381,Tuding,PH,16.4103,120.6442,19.75,64,16,1.49,few clouds
382,Saint-Leu,RE,-21.15,55.2833,25.48,78,98,7.08,overcast clouds
383,Ghatanji,IN,20.1333,78.3167,17.53,30,6,1.56,clear sky
384,Nabire,ID,-3.3667,135.4833,27.04,73,100,0.83,overcast clouds
385,Gazanjyk,TM,39.2446,55.5154,7.13,42,0,1.68,clear sky
386,La Rioja,ES,42.25,-2.5,4.62,98,100,5.87,overcast clouds
387,Mae Sot,TH,16.7167,98.5667,13.97,94,75,0.51,broken clouds
388,Znamenskoye,RU,57.1281,73.8282,-11.8,97,98,1.6,light snow
389,Sola,VU,-13.8833,167.55,29.37,84,100,0.0,overcast clouds
390,Pangnirtung,CA,66.1451,-65.7125,-34.57,95,98,1.78,overcast clouds
391,Hobyo,SO,5.3505,48.5268,25.01,82,58,5.89,light rain
392,Kyra,RU,49.5776,111.9753,-22.8,91,98,1.86,overcast clouds
393,Buraydah,SA,26.326,43.975,11.25,37,0,5.11,clear sky
394,Senanga,ZM,-16.1167,23.2667,19.36,85,100,2.15,overcast clouds
395,Quatre Cocos,MU,-20.2078,57.7625,26.16,71,100,10.77,overcast clouds
396,Saryg-Sep,RU,51.5,95.6,-32.24,99,57,1.37,broken clouds
397,Samfya,ZM,-11.3649,29.5565,17.25,97,55,1.13,light rain
398,Kaka,TM,37.3482,59.6143,6.09,38,87,1.67,overcast clouds
399,San Juan,AR,-31.5375,-68.5364,28.4,24,49,3.25,scattered clouds
400,Whitecourt,CA,54.1502,-115.6855,-16.42,66,75,3.6,broken clouds
401,Redmond,US,47.674,-122.1215,8.36,76,14,0.45,few clouds
402,Krasnyy Kut,RU,50.95,46.9667,0.5,97,100,7.02,overcast clouds
403,Providencia,MX,28.7167,-111.5833,24.92,41,8,4.36,clear sky
404,Hofn,IS,64.2539,-15.2082,0.15,87,73,4.62,broken clouds
405,Kelo,TD,9.3086,15.8066,19.01,19,18,2.17,few clouds
406,Kaabong,UG,3.4836,34.1492,19.34,45,99,0.43,overcast clouds
407,Naifaru,MV,5.4444,73.3657,27.82,74,93,6.07,overcast clouds
408,Pyay,MM,18.8167,95.2167,15.27,45,100,0.69,overcast clouds
409,Aklavik,CA,68.2191,-135.0107,-17.0,78,75,4.63,broken clouds
410,Maloy,NO,61.9353,5.1136,-0.15,85,100,0.89,light snow
411,Mehamn,NO,71.0357,27.8492,-7.33,91,64,3.44,broken clouds
